src_ip,dst_ip,protocol,label,bytes,packets,url_length,has_ip
192.168.1.0,172.16.0.1,ICMP,normal,6346,60,99,1
192.168.1.1,10.0.0.1,ICMP,phishing,1087,40,86,0
192.168.1.2,172.16.0.1,ICMP,phishing,3421,36,81,1
192.168.1.3,172.16.0.1,ICMP,normal,4715,37,72,0
192.168.1.4,10.0.0.1,TCP,normal,8465,79,73,0
192.168.1.5,10.0.0.1,ICMP,normal,3841,92,70,0
192.168.1.6,172.16.0.1,UDP,normal,3152,18,63,1
192.168.1.7,10.0.0.2,UDP,normal,6674,98,82,1
192.168.1.8,172.16.0.1,ICMP,normal,826,63,67,0
192.168.1.9,172.16.0.1,ICMP,normal,3860,22,94,0
192.168.1.10,172.16.0.1,UDP,normal,5906,11,65,1
192.168.1.11,172.16.0.1,UDP,normal,1975,58,43,1
192.168.1.12,10.0.0.1,TCP,normal,7093,57,40,1
192.168.1.13,172.16.0.1,UDP,normal,4133,77,61,0
192.168.1.14,10.0.0.2,UDP,normal,5543,4,98,0
192.168.1.15,10.0.0.1,ICMP,normal,1089,86,85,0
192.168.1.16,10.0.0.2,UDP,phishing,3844,7,10,0
192.168.1.17,10.0.0.2,TCP,normal,8711,61,64,0
192.168.1.18,10.0.0.2,UDP,attack,693,54,31,1
192.168.1.19,10.0.0.2,ICMP,normal,1874,88,49,0
192.168.1.20,10.0.0.1,ICMP,phishing,1035,68,10,1
192.168.1.21,10.0.0.1,UDP,normal,3908,92,74,1
192.168.1.22,10.0.0.2,ICMP,phishing,431,79,72,0
192.168.1.23,10.0.0.2,TCP,phishing,8022,1,63,1
192.168.1.24,10.0.0.1,TCP,normal,2802,55,51,0
192.168.1.25,10.0.0.1,UDP,normal,5989,3,30,1
192.168.1.26,10.0.0.1,UDP,normal,5154,78,88,0
192.168.1.27,172.16.0.1,UDP,normal,3968,38,90,0
192.168.1.28,172.16.0.1,ICMP,normal,4300,1,31,1
192.168.1.29,172.16.0.1,TCP,normal,301,38,47,0
192.168.1.30,10.0.0.2,TCP,normal,2597,85,89,1
192.168.1.31,172.16.0.1,ICMP,normal,1942,29,17,0
192.168.1.32,10.0.0.2,TCP,phishing,9201,5,71,0
192.168.1.33,10.0.0.2,UDP,normal,4758,74,56,0
192.168.1.34,172.16.0.1,UDP,attack,7644,92,26,1
192.168.1.35,10.0.0.2,UDP,normal,7818,21,26,1
192.168.1.36,172.16.0.1,TCP,normal,870,71,99,0
192.168.1.37,172.16.0.1,UDP,normal,3255,67,22,1
192.168.1.38,10.0.0.1,ICMP,normal,1728,47,26,0
192.168.1.39,172.16.0.1,ICMP,phishing,486,84,47,1
192.168.1.40,10.0.0.1,TCP,normal,6131,83,90,1
192.168.1.41,172.16.0.1,ICMP,phishing,6539,35,87,0
192.168.1.42,172.16.0.1,ICMP,normal,6501,68,54,0
192.168.1.43,10.0.0.1,TCP,normal,4108,69,15,0
192.168.1.44,10.0.0.1,UDP,normal,2566,1,44,0
192.168.1.45,172.16.0.1,UDP,normal,2382,68,23,0
192.168.1.46,10.0.0.2,UDP,normal,1956,12,81,1
192.168.1.47,10.0.0.1,TCP,normal,8080,60,70,1
192.168.1.48,10.0.0.2,ICMP,normal,2098,27,24,0
192.168.1.49,10.0.0.2,UDP,normal,5576,56,63,0
192.168.1.50,10.0.0.2,UDP,normal,9528,23,36,0
192.168.1.51,10.0.0.1,TCP,normal,4769,25,22,1
192.168.1.52,10.0.0.2,UDP,normal,9442,21,40,0
192.168.1.53,10.0.0.1,TCP,normal,4418,61,44,0
192.168.1.54,10.0.0.2,ICMP,normal,7164,63,69,1
192.168.1.55,172.16.0.1,TCP,normal,7546,52,15,1
192.168.1.56,172.16.0.1,TCP,normal,1531,88,78,1
192.168.1.57,10.0.0.1,TCP,normal,5724,25,95,1
192.168.1.58,172.16.0.1,TCP,normal,7561,55,67,0
192.168.1.59,172.16.0.1,ICMP,phishing,1919,46,58,1
192.168.1.60,10.0.0.2,ICMP,normal,1230,32,32,1
192.168.1.61,10.0.0.1,UDP,normal,6663,55,98,0
192.168.1.62,10.0.0.2,ICMP,normal,2758,96,43,0
192.168.1.63,10.0.0.2,ICMP,normal,3600,5,35,0
192.168.1.64,10.0.0.2,UDP,normal,8666,36,56,1
192.168.1.65,10.0.0.2,ICMP,normal,2220,49,14,0
192.168.1.66,10.0.0.2,TCP,phishing,4120,58,99,1
192.168.1.67,10.0.0.2,TCP,normal,3359,39,29,1
192.168.1.68,10.0.0.2,UDP,normal,1923,80,15,1
192.168.1.69,10.0.0.1,UDP,normal,1574,97,79,0
192.168.1.70,172.16.0.1,UDP,normal,2342,85,68,1
192.168.1.71,10.0.0.2,TCP,normal,3343,61,73,0
192.168.1.72,10.0.0.2,ICMP,normal,7090,9,27,0
192.168.1.73,10.0.0.2,TCP,normal,5260,6,13,0
192.168.1.74,10.0.0.2,UDP,attack,3234,35,26,1
192.168.1.75,10.0.0.2,ICMP,normal,2170,39,23,1
192.168.1.76,10.0.0.2,ICMP,normal,459,22,87,1
192.168.1.77,172.16.0.1,TCP,normal,1241,41,22,0
192.168.1.78,172.16.0.1,UDP,normal,1735,5,16,1
192.168.1.79,10.0.0.2,TCP,normal,4100,42,53,1
192.168.1.80,172.16.0.1,ICMP,normal,3461,87,24,1
192.168.1.81,10.0.0.1,TCP,phishing,6683,81,28,1
192.168.1.82,10.0.0.2,TCP,phishing,7935,76,72,1
192.168.1.83,10.0.0.1,UDP,normal,106,87,44,0
192.168.1.84,10.0.0.1,UDP,phishing,3367,80,90,0
192.168.1.85,10.0.0.2,ICMP,normal,6664,67,44,0
192.168.1.86,172.16.0.1,TCP,normal,9883,30,28,0
192.168.1.87,10.0.0.1,TCP,normal,5028,57,29,1
192.168.1.88,10.0.0.2,TCP,attack,2706,86,44,0
192.168.1.89,10.0.0.1,ICMP,normal,6006,73,41,1
192.168.1.90,10.0.0.1,ICMP,normal,3373,29,57,0
192.168.1.91,10.0.0.1,UDP,normal,7711,37,53,0
192.168.1.92,10.0.0.1,UDP,normal,1013,87,33,0
192.168.1.93,172.16.0.1,UDP,normal,2111,13,70,1
192.168.1.94,10.0.0.1,TCP,normal,1542,32,26,1
192.168.1.95,10.0.0.1,TCP,normal,5646,46,80,0
192.168.1.96,10.0.0.1,UDP,normal,1929,23,59,1
192.168.1.97,172.16.0.1,TCP,normal,8867,45,74,0
192.168.1.98,10.0.0.1,UDP,normal,6568,17,41,0
192.168.1.99,10.0.0.1,ICMP,normal,1029,85,45,0
192.168.1.100,172.16.0.1,UDP,normal,3799,66,22,1
192.168.1.101,172.16.0.1,ICMP,normal,9755,6,79,0
192.168.1.102,172.16.0.1,TCP,normal,1154,18,67,0
192.168.1.103,10.0.0.1,UDP,normal,5844,94,23,0
192.168.1.104,172.16.0.1,TCP,attack,2000,22,46,1
192.168.1.105,172.16.0.1,ICMP,normal,9749,33,88,0
192.168.1.106,10.0.0.1,ICMP,normal,7080,30,77,1
192.168.1.107,172.16.0.1,ICMP,normal,7169,81,49,0
192.168.1.108,10.0.0.1,TCP,normal,9691,32,68,1
192.168.1.109,10.0.0.2,TCP,normal,3515,42,89,0
192.168.1.110,172.16.0.1,TCP,normal,542,78,25,0
192.168.1.111,10.0.0.2,TCP,normal,6318,10,71,1
192.168.1.112,10.0.0.1,ICMP,normal,4752,36,13,1
192.168.1.113,172.16.0.1,ICMP,attack,8039,34,54,0
192.168.1.114,10.0.0.1,UDP,phishing,7933,73,99,1
192.168.1.115,10.0.0.2,UDP,normal,9470,28,37,0
192.168.1.116,10.0.0.1,TCP,normal,7697,11,75,0
192.168.1.117,172.16.0.1,ICMP,phishing,4558,78,40,0
192.168.1.118,172.16.0.1,ICMP,normal,6691,39,12,1
192.168.1.119,10.0.0.2,ICMP,normal,9549,47,17,0
192.168.1.120,10.0.0.1,UDP,attack,2409,19,33,1
192.168.1.121,172.16.0.1,UDP,normal,6368,15,24,0
192.168.1.122,10.0.0.2,ICMP,normal,1010,28,52,1
192.168.1.123,172.16.0.1,ICMP,attack,4440,24,40,1
192.168.1.124,172.16.0.1,ICMP,normal,4109,72,82,0
192.168.1.125,10.0.0.1,UDP,normal,6728,9,54,1
192.168.1.126,172.16.0.1,ICMP,normal,2269,47,75,0
192.168.1.127,10.0.0.1,ICMP,phishing,2272,33,17,0
192.168.1.128,172.16.0.1,TCP,phishing,5768,62,80,0
192.168.1.129,10.0.0.2,TCP,phishing,6413,97,66,0
192.168.1.130,172.16.0.1,UDP,normal,8415,19,89,0
192.168.1.131,10.0.0.1,ICMP,phishing,8136,67,39,1
192.168.1.132,10.0.0.1,ICMP,attack,6889,74,83,0
192.168.1.133,10.0.0.2,TCP,normal,885,40,27,1
192.168.1.134,172.16.0.1,UDP,attack,6239,47,78,1
192.168.1.135,172.16.0.1,TCP,phishing,6444,65,48,0
192.168.1.136,10.0.0.2,TCP,normal,2516,29,69,1
192.168.1.137,172.16.0.1,TCP,normal,9088,50,52,0
192.168.1.138,172.16.0.1,TCP,normal,4254,98,54,1
192.168.1.139,10.0.0.1,ICMP,normal,5719,13,32,1
192.168.1.140,172.16.0.1,ICMP,normal,2036,1,78,1
192.168.1.141,172.16.0.1,TCP,normal,3907,34,15,0
192.168.1.142,10.0.0.2,UDP,phishing,7251,93,65,1
192.168.1.143,10.0.0.2,UDP,attack,9593,48,13,0
192.168.1.144,10.0.0.1,UDP,phishing,3336,77,32,1
192.168.1.145,172.16.0.1,UDP,normal,2452,48,15,1
192.168.1.146,172.16.0.1,TCP,normal,2032,49,41,1
192.168.1.147,172.16.0.1,ICMP,normal,8656,64,27,1
192.168.1.148,10.0.0.1,UDP,normal,5016,61,24,0
192.168.1.149,10.0.0.1,TCP,phishing,5598,29,49,0
192.168.1.150,10.0.0.2,UDP,attack,1046,39,82,1
192.168.1.151,10.0.0.1,UDP,normal,9669,88,83,1
192.168.1.152,172.16.0.1,TCP,attack,1539,26,93,0
192.168.1.153,172.16.0.1,ICMP,phishing,7830,17,15,0
192.168.1.154,10.0.0.1,ICMP,normal,4957,71,72,0
192.168.1.155,172.16.0.1,TCP,phishing,440,13,76,0
192.168.1.156,172.16.0.1,ICMP,normal,482,69,20,1
192.168.1.157,10.0.0.1,TCP,normal,9848,26,52,1
192.168.1.158,10.0.0.1,TCP,normal,8591,49,26,0
192.168.1.159,172.16.0.1,TCP,normal,238,67,13,0
192.168.1.160,172.16.0.1,ICMP,normal,458,7,72,0
192.168.1.161,172.16.0.1,TCP,normal,5031,58,77,0
192.168.1.162,10.0.0.2,UDP,normal,9814,49,90,0
192.168.1.163,10.0.0.2,ICMP,normal,3556,53,50,0
192.168.1.164,10.0.0.2,ICMP,normal,1727,65,92,1
192.168.1.165,10.0.0.1,ICMP,normal,9595,62,14,1
192.168.1.166,10.0.0.2,ICMP,normal,6726,17,41,1
192.168.1.167,10.0.0.1,UDP,normal,5104,43,95,0
192.168.1.168,10.0.0.1,ICMP,normal,9426,25,79,0
192.168.1.169,10.0.0.2,ICMP,normal,6752,3,44,0
192.168.1.170,10.0.0.2,TCP,normal,6516,79,31,1
192.168.1.171,10.0.0.2,ICMP,normal,3270,29,74,0
192.168.1.172,172.16.0.1,UDP,phishing,3935,32,93,0
192.168.1.173,10.0.0.2,UDP,normal,8117,26,31,1
192.168.1.174,172.16.0.1,UDP,normal,2251,16,20,0
192.168.1.175,10.0.0.1,UDP,attack,9529,25,86,1
192.168.1.176,172.16.0.1,ICMP,phishing,7005,54,12,1
192.168.1.177,10.0.0.2,ICMP,attack,2934,28,18,0
192.168.1.178,10.0.0.1,UDP,phishing,9290,73,69,1
192.168.1.179,10.0.0.1,UDP,normal,2667,56,85,0
192.168.1.180,10.0.0.1,ICMP,normal,1407,65,96,1
192.168.1.181,172.16.0.1,UDP,normal,8948,93,23,0
192.168.1.182,10.0.0.2,TCP,normal,2760,86,27,1
192.168.1.183,10.0.0.1,UDP,normal,3830,80,82,0
192.168.1.184,10.0.0.1,UDP,normal,6307,41,32,1
192.168.1.185,10.0.0.1,TCP,normal,3262,51,83,1
192.168.1.186,172.16.0.1,TCP,phishing,1240,71,92,1
192.168.1.187,172.16.0.1,ICMP,phishing,8558,78,56,0
192.168.1.188,10.0.0.2,ICMP,normal,1808,29,78,0
192.168.1.189,172.16.0.1,TCP,phishing,3730,83,56,1
192.168.1.190,10.0.0.1,TCP,normal,3311,19,96,0
192.168.1.191,10.0.0.2,ICMP,phishing,6638,66,39,1
192.168.1.192,10.0.0.1,UDP,normal,9802,41,34,0
192.168.1.193,10.0.0.1,TCP,attack,575,45,37,1
192.168.1.194,172.16.0.1,ICMP,normal,7784,15,34,0
192.168.1.195,10.0.0.2,UDP,normal,9268,3,83,1
192.168.1.196,172.16.0.1,TCP,normal,1307,11,87,1
192.168.1.197,172.16.0.1,UDP,normal,2060,53,67,1
192.168.1.198,10.0.0.2,ICMP,normal,657,46,50,1
192.168.1.199,10.0.0.1,TCP,normal,982,30,34,0
192.168.1.200,10.0.0.1,UDP,normal,4861,57,87,1
192.168.1.201,10.0.0.2,TCP,normal,5967,18,57,0
192.168.1.202,10.0.0.1,UDP,normal,7063,51,19,0
192.168.1.203,10.0.0.2,ICMP,attack,7266,48,84,1
192.168.1.204,10.0.0.2,ICMP,normal,8029,66,20,0
192.168.1.205,172.16.0.1,TCP,normal,5447,96,94,0
192.168.1.206,10.0.0.2,UDP,normal,7369,8,30,0
192.168.1.207,172.16.0.1,TCP,phishing,9902,22,95,1
192.168.1.208,10.0.0.1,TCP,normal,8225,6,54,0
192.168.1.209,10.0.0.1,UDP,attack,2554,76,16,0
192.168.1.210,10.0.0.1,UDP,phishing,4594,57,90,1
192.168.1.211,10.0.0.1,UDP,normal,2046,36,73,1
192.168.1.212,172.16.0.1,ICMP,normal,2908,79,73,0
192.168.1.213,10.0.0.1,TCP,phishing,6742,92,11,1
192.168.1.214,10.0.0.2,TCP,phishing,3925,57,85,0
192.168.1.215,10.0.0.2,ICMP,normal,3636,49,51,0
192.168.1.216,10.0.0.2,UDP,normal,6168,45,91,0
192.168.1.217,172.16.0.1,ICMP,phishing,3902,82,63,1
192.168.1.218,10.0.0.1,ICMP,normal,4799,66,84,0
192.168.1.219,10.0.0.1,ICMP,attack,2070,77,25,1
192.168.1.220,10.0.0.1,TCP,normal,5906,45,27,1
192.168.1.221,172.16.0.1,ICMP,normal,6242,79,68,0
192.168.1.222,10.0.0.2,TCP,phishing,2919,20,99,1
192.168.1.223,10.0.0.2,TCP,normal,9194,64,25,1
192.168.1.224,10.0.0.1,TCP,normal,464,93,15,1
192.168.1.225,10.0.0.2,UDP,normal,4358,93,66,1
192.168.1.226,10.0.0.2,TCP,normal,3219,67,56,1
192.168.1.227,172.16.0.1,TCP,normal,1963,83,57,0
192.168.1.228,172.16.0.1,UDP,normal,215,3,51,1
192.168.1.229,172.16.0.1,TCP,normal,7184,54,85,0
192.168.1.230,172.16.0.1,ICMP,phishing,8116,78,69,0
192.168.1.231,10.0.0.1,ICMP,normal,2484,64,86,0
192.168.1.232,172.16.0.1,TCP,normal,4035,40,13,0
192.168.1.233,10.0.0.2,UDP,normal,7842,59,11,0
192.168.1.234,10.0.0.1,ICMP,attack,5542,55,99,0
192.168.1.235,10.0.0.2,UDP,phishing,2590,62,68,1
192.168.1.236,10.0.0.2,UDP,normal,7080,4,36,1
192.168.1.237,10.0.0.2,ICMP,normal,9234,60,36,1
192.168.1.238,172.16.0.1,UDP,normal,7761,75,88,0
192.168.1.239,172.16.0.1,ICMP,phishing,1824,95,81,1
192.168.1.240,10.0.0.1,UDP,phishing,8282,96,16,1
192.168.1.241,10.0.0.1,ICMP,normal,2867,91,72,1
192.168.1.242,172.16.0.1,TCP,phishing,1237,30,55,0
192.168.1.243,10.0.0.2,ICMP,phishing,4217,2,72,1
192.168.1.244,10.0.0.1,ICMP,normal,3520,62,21,0
192.168.1.245,172.16.0.1,ICMP,normal,5945,49,22,1
192.168.1.246,172.16.0.1,ICMP,normal,4878,9,52,0
192.168.1.247,172.16.0.1,UDP,normal,4006,92,26,0
192.168.1.248,10.0.0.2,TCP,phishing,3737,31,72,0
192.168.1.249,172.16.0.1,ICMP,normal,3053,98,90,1
192.168.1.250,172.16.0.1,UDP,normal,6029,61,45,1
192.168.1.251,172.16.0.1,TCP,normal,376,79,94,0
192.168.1.252,172.16.0.1,TCP,normal,2099,48,17,1
192.168.1.253,10.0.0.1,TCP,normal,1327,25,78,0
192.168.1.254,10.0.0.1,TCP,normal,6437,36,99,0
192.168.1.255,172.16.0.1,ICMP,normal,3835,8,89,1
192.168.1.256,10.0.0.2,ICMP,normal,795,73,45,1
192.168.1.257,10.0.0.1,UDP,normal,9601,58,37,1
192.168.1.258,172.16.0.1,UDP,normal,4252,45,56,0
192.168.1.259,10.0.0.1,UDP,normal,8001,62,85,0
192.168.1.260,10.0.0.1,TCP,normal,7570,39,39,1
192.168.1.261,10.0.0.2,TCP,normal,7637,96,32,0
192.168.1.262,172.16.0.1,ICMP,normal,2941,58,25,1
192.168.1.263,172.16.0.1,TCP,normal,4308,81,23,0
192.168.1.264,10.0.0.2,TCP,normal,8833,99,83,1
192.168.1.265,10.0.0.2,TCP,phishing,1188,83,80,1
192.168.1.266,172.16.0.1,UDP,normal,3463,64,61,0
192.168.1.267,172.16.0.1,UDP,normal,124,44,46,1
192.168.1.268,10.0.0.2,ICMP,phishing,9864,29,38,1
192.168.1.269,10.0.0.1,TCP,normal,6244,59,76,0
192.168.1.270,10.0.0.1,TCP,normal,5768,71,24,1
192.168.1.271,10.0.0.2,ICMP,attack,4336,92,56,0
192.168.1.272,10.0.0.1,TCP,phishing,8168,9,55,1
192.168.1.273,10.0.0.2,TCP,normal,2335,92,61,0
192.168.1.274,10.0.0.1,UDP,normal,7395,6,28,1
192.168.1.275,10.0.0.1,ICMP,normal,8492,29,86,1
192.168.1.276,172.16.0.1,ICMP,normal,8548,58,30,1
192.168.1.277,172.16.0.1,ICMP,normal,3847,17,73,1
192.168.1.278,10.0.0.1,ICMP,normal,3275,16,46,0
192.168.1.279,10.0.0.1,UDP,normal,4997,87,36,0
192.168.1.280,172.16.0.1,UDP,normal,5137,95,64,0
192.168.1.281,172.16.0.1,TCP,phishing,7527,3,38,0
192.168.1.282,172.16.0.1,TCP,normal,8705,21,29,0
192.168.1.283,10.0.0.2,TCP,normal,2114,64,34,0
192.168.1.284,10.0.0.1,TCP,normal,1481,90,79,0
192.168.1.285,172.16.0.1,UDP,normal,1198,36,72,1
192.168.1.286,10.0.0.1,ICMP,normal,3526,86,45,1
192.168.1.287,10.0.0.2,UDP,normal,3755,62,11,1
192.168.1.288,10.0.0.2,TCP,normal,8038,42,31,1
192.168.1.289,172.16.0.1,UDP,normal,9201,76,25,0
192.168.1.290,10.0.0.2,ICMP,normal,287,42,27,0
192.168.1.291,10.0.0.1,ICMP,normal,5509,61,78,0
192.168.1.292,172.16.0.1,UDP,normal,2192,13,63,1
192.168.1.293,10.0.0.1,UDP,normal,2230,11,39,0
192.168.1.294,10.0.0.1,UDP,attack,5342,54,54,1
192.168.1.295,10.0.0.2,TCP,normal,8649,16,28,0
192.168.1.296,10.0.0.2,UDP,normal,5747,8,96,0
192.168.1.297,10.0.0.2,UDP,normal,5285,59,43,0
192.168.1.298,10.0.0.2,UDP,normal,5876,57,22,0
192.168.1.299,10.0.0.2,ICMP,attack,8013,40,52,1
192.168.1.300,172.16.0.1,ICMP,normal,7647,59,71,1
192.168.1.301,10.0.0.1,TCP,phishing,7923,2,31,0
192.168.1.302,10.0.0.1,TCP,normal,7455,94,61,1
192.168.1.303,10.0.0.1,ICMP,normal,6565,94,61,0
192.168.1.304,10.0.0.1,ICMP,normal,1597,76,45,0
192.168.1.305,10.0.0.2,ICMP,phishing,2655,10,82,0
192.168.1.306,10.0.0.1,UDP,normal,5509,44,28,0
192.168.1.307,172.16.0.1,UDP,normal,3051,11,47,1
192.168.1.308,172.16.0.1,ICMP,attack,1338,79,79,0
192.168.1.309,10.0.0.1,UDP,normal,9265,80,88,0
192.168.1.310,10.0.0.1,UDP,normal,4827,81,66,1
192.168.1.311,172.16.0.1,TCP,normal,4065,90,29,0
192.168.1.312,172.16.0.1,ICMP,attack,5786,2,18,1
192.168.1.313,10.0.0.2,ICMP,normal,9342,50,41,0
192.168.1.314,172.16.0.1,UDP,phishing,3801,12,13,0
192.168.1.315,10.0.0.2,ICMP,phishing,2880,90,59,0
192.168.1.316,10.0.0.2,TCP,normal,7498,23,91,0
192.168.1.317,10.0.0.2,TCP,normal,1688,18,14,0
192.168.1.318,10.0.0.2,TCP,normal,2468,62,29,0
192.168.1.319,10.0.0.2,ICMP,normal,5889,96,96,1
192.168.1.320,10.0.0.1,ICMP,phishing,536,62,84,0
192.168.1.321,172.16.0.1,ICMP,phishing,2928,38,46,1
192.168.1.322,10.0.0.2,ICMP,normal,1656,67,31,1
192.168.1.323,172.16.0.1,ICMP,normal,7670,38,67,0
192.168.1.324,172.16.0.1,TCP,normal,7580,67,77,1
192.168.1.325,10.0.0.2,UDP,normal,9596,94,53,0
192.168.1.326,10.0.0.1,TCP,normal,282,61,43,1
192.168.1.327,10.0.0.2,ICMP,normal,7290,1,86,0
192.168.1.328,10.0.0.1,TCP,normal,6787,94,51,1
192.168.1.329,172.16.0.1,ICMP,normal,5665,45,18,1
192.168.1.330,10.0.0.1,ICMP,normal,7341,96,16,0
192.168.1.331,10.0.0.1,TCP,normal,7751,28,77,1
192.168.1.332,10.0.0.1,ICMP,normal,5675,21,28,0
192.168.1.333,172.16.0.1,UDP,phishing,1689,13,40,0
192.168.1.334,172.16.0.1,ICMP,normal,9879,27,44,0
192.168.1.335,10.0.0.1,UDP,attack,8951,7,66,0
192.168.1.336,10.0.0.1,UDP,phishing,259,22,94,0
192.168.1.337,10.0.0.2,ICMP,normal,6655,74,70,1
192.168.1.338,10.0.0.1,TCP,phishing,9303,53,40,1
192.168.1.339,10.0.0.2,UDP,normal,8344,79,92,1
192.168.1.340,10.0.0.1,TCP,normal,6946,79,62,0
192.168.1.341,10.0.0.2,UDP,normal,2407,4,41,1
192.168.1.342,172.16.0.1,ICMP,normal,1328,96,75,1
192.168.1.343,10.0.0.1,ICMP,normal,7326,23,68,1
192.168.1.344,10.0.0.1,UDP,normal,5690,70,19,1
192.168.1.345,10.0.0.1,ICMP,normal,7019,88,11,1
192.168.1.346,10.0.0.1,UDP,normal,5685,84,75,0
192.168.1.347,10.0.0.2,ICMP,normal,9327,84,69,0
192.168.1.348,10.0.0.1,TCP,phishing,6146,76,97,1
192.168.1.349,172.16.0.1,ICMP,normal,5045,33,26,0
192.168.1.350,172.16.0.1,TCP,normal,8027,28,25,0
192.168.1.351,10.0.0.1,ICMP,phishing,7116,8,25,1
192.168.1.352,172.16.0.1,TCP,normal,7858,1,55,1
192.168.1.353,10.0.0.1,ICMP,normal,5186,37,48,0
192.168.1.354,10.0.0.1,TCP,normal,9556,63,40,1
192.168.1.355,172.16.0.1,UDP,normal,7261,22,97,0
192.168.1.356,10.0.0.1,UDP,attack,1984,70,10,0
192.168.1.357,172.16.0.1,TCP,normal,1909,21,20,1
192.168.1.358,10.0.0.2,ICMP,attack,3267,96,94,0
192.168.1.359,10.0.0.1,TCP,normal,6452,35,13,0
192.168.1.360,10.0.0.2,ICMP,normal,9109,79,80,0
192.168.1.361,172.16.0.1,UDP,normal,6156,5,35,1
192.168.1.362,10.0.0.2,ICMP,normal,2537,60,59,1
192.168.1.363,10.0.0.2,UDP,normal,6568,46,21,1
192.168.1.364,172.16.0.1,ICMP,phishing,9180,50,90,1
192.168.1.365,10.0.0.2,ICMP,phishing,6051,48,84,0
192.168.1.366,10.0.0.2,ICMP,normal,5376,6,74,1
192.168.1.367,172.16.0.1,TCP,attack,8959,89,56,1
192.168.1.368,10.0.0.2,TCP,phishing,7918,56,62,1
192.168.1.369,172.16.0.1,UDP,normal,4828,59,80,1
192.168.1.370,10.0.0.2,UDP,normal,2724,29,11,0
192.168.1.371,172.16.0.1,TCP,normal,5838,71,33,0
192.168.1.372,172.16.0.1,UDP,normal,4332,77,13,0
192.168.1.373,10.0.0.2,TCP,normal,5893,18,28,1
192.168.1.374,10.0.0.2,ICMP,normal,4623,2,35,1
192.168.1.375,10.0.0.2,UDP,phishing,5671,8,84,0
192.168.1.376,10.0.0.1,UDP,normal,9110,75,49,1
192.168.1.377,10.0.0.1,TCP,normal,9398,97,59,1
192.168.1.378,10.0.0.1,UDP,attack,2324,54,52,0
192.168.1.379,172.16.0.1,UDP,phishing,8489,38,84,0
192.168.1.380,10.0.0.2,ICMP,normal,6191,48,76,1
192.168.1.381,172.16.0.1,UDP,phishing,8762,27,21,1
192.168.1.382,10.0.0.1,ICMP,normal,6461,20,76,1
192.168.1.383,10.0.0.2,TCP,normal,2048,12,36,0
192.168.1.384,172.16.0.1,UDP,normal,7194,43,63,0
192.168.1.385,10.0.0.2,ICMP,normal,6418,61,75,0
192.168.1.386,172.16.0.1,TCP,normal,3896,31,58,0
192.168.1.387,10.0.0.2,UDP,normal,334,91,25,1
192.168.1.388,10.0.0.1,TCP,normal,9220,96,11,0
192.168.1.389,10.0.0.1,UDP,normal,3707,61,69,0
192.168.1.390,10.0.0.2,TCP,normal,8143,74,63,1
192.168.1.391,172.16.0.1,TCP,phishing,622,67,39,1
192.168.1.392,10.0.0.1,ICMP,normal,6004,91,93,1
192.168.1.393,10.0.0.1,TCP,normal,4988,35,47,0
192.168.1.394,10.0.0.1,UDP,normal,9921,95,37,1
192.168.1.395,10.0.0.2,UDP,normal,5932,15,34,1
192.168.1.396,10.0.0.2,ICMP,normal,7222,16,19,0
192.168.1.397,172.16.0.1,UDP,phishing,5942,13,69,0
192.168.1.398,172.16.0.1,UDP,normal,1416,35,51,1
192.168.1.399,172.16.0.1,UDP,normal,1224,75,49,0
192.168.1.400,10.0.0.2,TCP,normal,5721,59,86,1
192.168.1.401,10.0.0.2,TCP,normal,5523,21,51,1
192.168.1.402,172.16.0.1,UDP,normal,2687,54,56,0
192.168.1.403,172.16.0.1,ICMP,normal,9315,75,46,1
192.168.1.404,10.0.0.2,TCP,normal,5772,30,89,0
192.168.1.405,172.16.0.1,ICMP,normal,1478,48,31,0
192.168.1.406,10.0.0.1,UDP,normal,3474,35,66,0
192.168.1.407,10.0.0.2,UDP,normal,1619,86,93,1
192.168.1.408,172.16.0.1,TCP,phishing,5877,38,36,0
192.168.1.409,10.0.0.2,UDP,phishing,8035,31,50,0
192.168.1.410,10.0.0.1,TCP,phishing,6193,78,89,1
192.168.1.411,10.0.0.2,UDP,normal,8518,24,43,1
192.168.1.412,10.0.0.2,UDP,normal,5455,49,41,1
192.168.1.413,10.0.0.2,TCP,normal,5068,96,99,1
192.168.1.414,10.0.0.2,TCP,normal,9183,32,98,0
192.168.1.415,10.0.0.1,TCP,normal,5674,55,75,0
192.168.1.416,10.0.0.2,UDP,normal,4172,79,21,0
192.168.1.417,10.0.0.2,UDP,normal,2357,58,49,1
192.168.1.418,172.16.0.1,ICMP,attack,8688,99,82,1
192.168.1.419,10.0.0.2,TCP,normal,4524,3,85,0
192.168.1.420,172.16.0.1,UDP,normal,3337,80,99,1
192.168.1.421,10.0.0.1,UDP,normal,3993,69,82,1
192.168.1.422,10.0.0.1,TCP,phishing,2105,85,19,0
192.168.1.423,10.0.0.1,ICMP,normal,2116,10,57,0
192.168.1.424,10.0.0.1,TCP,normal,9488,83,29,1
192.168.1.425,172.16.0.1,ICMP,normal,1872,25,48,1
192.168.1.426,10.0.0.2,UDP,normal,8453,68,69,1
192.168.1.427,10.0.0.1,ICMP,normal,4076,61,75,0
192.168.1.428,10.0.0.2,UDP,phishing,1851,29,74,0
192.168.1.429,172.16.0.1,TCP,normal,9067,19,60,0
192.168.1.430,172.16.0.1,TCP,normal,7530,43,45,0
192.168.1.431,172.16.0.1,TCP,normal,7270,66,33,0
192.168.1.432,10.0.0.1,ICMP,normal,6569,74,36,1
192.168.1.433,10.0.0.2,UDP,normal,9231,61,11,1
192.168.1.434,10.0.0.2,TCP,normal,3320,43,40,1
192.168.1.435,10.0.0.2,TCP,normal,639,25,66,0
192.168.1.436,172.16.0.1,UDP,normal,1561,20,87,0
192.168.1.437,10.0.0.1,TCP,normal,5284,48,75,0
192.168.1.438,172.16.0.1,UDP,normal,8647,83,38,1
192.168.1.439,172.16.0.1,UDP,normal,334,87,24,0
192.168.1.440,10.0.0.2,UDP,phishing,1648,24,21,0
192.168.1.441,172.16.0.1,UDP,normal,7580,11,37,1
192.168.1.442,10.0.0.2,UDP,normal,4313,98,93,0
192.168.1.443,10.0.0.1,ICMP,phishing,1773,55,33,1
192.168.1.444,10.0.0.2,TCP,normal,6808,28,30,0
192.168.1.445,10.0.0.1,ICMP,phishing,8082,69,19,0
192.168.1.446,10.0.0.2,TCP,normal,2200,63,87,1
192.168.1.447,172.16.0.1,ICMP,attack,3848,59,27,1
192.168.1.448,172.16.0.1,UDP,normal,3273,5,97,1
192.168.1.449,10.0.0.1,TCP,normal,1915,51,23,1
192.168.1.450,10.0.0.1,TCP,normal,3941,21,43,1
192.168.1.451,10.0.0.1,ICMP,attack,8116,12,67,1
192.168.1.452,10.0.0.2,ICMP,phishing,7111,50,85,0
192.168.1.453,10.0.0.2,TCP,normal,4593,4,31,0
192.168.1.454,10.0.0.1,ICMP,normal,774,42,79,1
192.168.1.455,172.16.0.1,ICMP,attack,8188,84,45,0
192.168.1.456,10.0.0.2,ICMP,normal,8678,38,54,1
192.168.1.457,10.0.0.2,UDP,phishing,2258,25,45,0
192.168.1.458,10.0.0.2,UDP,phishing,2761,14,31,1
192.168.1.459,10.0.0.1,ICMP,normal,2164,75,87,0
192.168.1.460,10.0.0.1,ICMP,normal,3353,32,89,0
192.168.1.461,10.0.0.1,UDP,normal,5079,11,70,0
192.168.1.462,10.0.0.1,UDP,normal,7803,61,65,0
192.168.1.463,10.0.0.1,TCP,phishing,9031,18,98,0
192.168.1.464,172.16.0.1,TCP,normal,1501,27,42,1
192.168.1.465,172.16.0.1,UDP,phishing,3359,55,54,1
192.168.1.466,10.0.0.1,ICMP,normal,4023,54,45,1
192.168.1.467,10.0.0.2,ICMP,attack,4314,82,29,0
192.168.1.468,10.0.0.1,ICMP,normal,3327,87,27,1
192.168.1.469,172.16.0.1,ICMP,normal,2845,75,47,0
192.168.1.470,172.16.0.1,TCP,normal,6191,21,76,0
192.168.1.471,10.0.0.2,UDP,phishing,3966,44,32,0
192.168.1.472,172.16.0.1,ICMP,normal,5918,5,25,1
192.168.1.473,10.0.0.1,TCP,phishing,2322,87,68,0
192.168.1.474,10.0.0.2,ICMP,normal,2892,41,78,1
192.168.1.475,10.0.0.1,UDP,normal,9989,59,77,1
192.168.1.476,10.0.0.1,TCP,normal,4163,89,30,0
192.168.1.477,10.0.0.2,UDP,normal,1624,54,87,0
192.168.1.478,10.0.0.1,UDP,normal,8324,74,87,1
192.168.1.479,172.16.0.1,TCP,attack,6298,22,79,1
192.168.1.480,10.0.0.1,TCP,attack,4125,83,21,1
192.168.1.481,10.0.0.2,TCP,attack,2666,65,25,1
192.168.1.482,10.0.0.2,TCP,phishing,2903,64,90,1
192.168.1.483,10.0.0.2,TCP,normal,3809,71,96,1
192.168.1.484,10.0.0.1,TCP,normal,6255,4,23,0
192.168.1.485,10.0.0.2,TCP,normal,819,65,70,1
192.168.1.486,10.0.0.2,ICMP,phishing,6616,15,80,1
192.168.1.487,10.0.0.1,UDP,normal,4679,76,55,1
192.168.1.488,172.16.0.1,TCP,normal,1072,22,41,1
192.168.1.489,10.0.0.1,ICMP,normal,3818,86,24,0
192.168.1.490,10.0.0.2,ICMP,normal,7495,47,53,0
192.168.1.491,10.0.0.2,ICMP,phishing,4502,81,26,1
192.168.1.492,10.0.0.1,UDP,phishing,4652,93,50,1
192.168.1.493,172.16.0.1,TCP,normal,2307,46,63,1
192.168.1.494,10.0.0.2,ICMP,attack,4526,14,53,0
192.168.1.495,10.0.0.2,UDP,normal,7019,50,14,0
192.168.1.496,10.0.0.2,UDP,normal,8935,20,36,0
192.168.1.497,10.0.0.1,UDP,normal,8486,50,96,0
192.168.1.498,10.0.0.2,ICMP,normal,8780,33,87,0
192.168.1.499,172.16.0.1,TCP,normal,2304,59,88,0
192.168.1.500,10.0.0.2,ICMP,attack,5445,43,52,1
192.168.1.501,10.0.0.2,ICMP,normal,3376,79,40,0
192.168.1.502,172.16.0.1,TCP,phishing,1202,12,26,0
192.168.1.503,10.0.0.2,TCP,normal,5343,40,92,1
192.168.1.504,10.0.0.1,TCP,normal,6714,20,63,0
192.168.1.505,10.0.0.1,UDP,normal,9533,94,71,1
192.168.1.506,10.0.0.1,TCP,normal,8807,38,96,0
192.168.1.507,172.16.0.1,ICMP,normal,5323,3,41,1
192.168.1.508,10.0.0.2,TCP,attack,8684,28,49,1
192.168.1.509,10.0.0.1,ICMP,normal,730,56,22,1
192.168.1.510,172.16.0.1,UDP,normal,9271,90,93,1
192.168.1.511,10.0.0.2,ICMP,normal,6783,94,44,1
192.168.1.512,172.16.0.1,ICMP,normal,377,13,14,0
192.168.1.513,10.0.0.1,TCP,normal,332,77,82,0
192.168.1.514,10.0.0.1,TCP,normal,9844,66,38,1
192.168.1.515,10.0.0.1,ICMP,normal,5790,37,79,1
192.168.1.516,172.16.0.1,TCP,normal,7759,49,34,1
192.168.1.517,172.16.0.1,UDP,normal,125,66,31,0
192.168.1.518,10.0.0.1,UDP,normal,7568,36,75,1
192.168.1.519,172.16.0.1,TCP,normal,6510,54,54,1
192.168.1.520,10.0.0.1,UDP,normal,8752,26,78,1
192.168.1.521,10.0.0.1,TCP,attack,3864,75,98,1
192.168.1.522,10.0.0.2,ICMP,normal,6699,72,81,0
192.168.1.523,172.16.0.1,ICMP,normal,5202,40,10,1
192.168.1.524,10.0.0.1,UDP,normal,7106,43,93,1
192.168.1.525,10.0.0.1,TCP,attack,3583,22,53,0
192.168.1.526,172.16.0.1,TCP,normal,2094,20,96,1
192.168.1.527,10.0.0.2,UDP,normal,8782,8,84,1
192.168.1.528,10.0.0.2,ICMP,phishing,1172,29,48,0
192.168.1.529,10.0.0.1,UDP,normal,6807,40,63,0
192.168.1.530,172.16.0.1,ICMP,normal,315,90,97,0
192.168.1.531,10.0.0.2,TCP,normal,7705,30,84,1
192.168.1.532,172.16.0.1,ICMP,normal,9884,81,38,1
192.168.1.533,172.16.0.1,UDP,attack,2706,84,63,0
192.168.1.534,10.0.0.1,TCP,phishing,8450,55,99,0
192.168.1.535,10.0.0.2,UDP,normal,4881,16,25,0
192.168.1.536,10.0.0.1,UDP,normal,3413,46,29,1
192.168.1.537,10.0.0.2,ICMP,normal,7863,62,55,1
192.168.1.538,10.0.0.2,UDP,normal,6039,7,76,0
192.168.1.539,10.0.0.2,ICMP,phishing,2395,80,74,1
192.168.1.540,10.0.0.2,TCP,normal,5785,45,67,0
192.168.1.541,10.0.0.2,ICMP,normal,1796,59,62,1
192.168.1.542,172.16.0.1,TCP,phishing,2046,56,10,1
192.168.1.543,10.0.0.1,ICMP,normal,2883,48,90,1
192.168.1.544,172.16.0.1,UDP,normal,3744,27,75,1
192.168.1.545,10.0.0.2,ICMP,normal,5341,53,38,0
192.168.1.546,10.0.0.1,ICMP,attack,6520,87,93,1
192.168.1.547,10.0.0.2,TCP,normal,7657,88,79,1
192.168.1.548,10.0.0.1,UDP,normal,2745,73,17,0
192.168.1.549,172.16.0.1,ICMP,normal,6689,35,38,1
192.168.1.550,10.0.0.1,UDP,normal,6453,51,60,0
192.168.1.551,10.0.0.1,ICMP,phishing,2032,84,42,0
192.168.1.552,10.0.0.1,ICMP,phishing,1857,37,12,1
192.168.1.553,10.0.0.1,UDP,normal,5185,81,69,1
192.168.1.554,10.0.0.1,ICMP,normal,5737,95,44,0
192.168.1.555,10.0.0.2,UDP,normal,1216,57,78,0
192.168.1.556,10.0.0.1,ICMP,normal,592,8,85,0
192.168.1.557,10.0.0.1,TCP,normal,8911,79,93,1
192.168.1.558,172.16.0.1,UDP,phishing,7988,95,29,0
192.168.1.559,10.0.0.1,ICMP,normal,6574,94,82,0
192.168.1.560,172.16.0.1,ICMP,normal,9838,20,48,0
192.168.1.561,10.0.0.2,TCP,normal,5058,53,13,1
192.168.1.562,10.0.0.1,UDP,phishing,9897,12,28,0
192.168.1.563,172.16.0.1,ICMP,phishing,9567,49,54,1
192.168.1.564,172.16.0.1,TCP,phishing,2843,17,52,1
192.168.1.565,10.0.0.2,ICMP,normal,7966,64,22,0
192.168.1.566,10.0.0.1,UDP,normal,7260,42,22,1
192.168.1.567,10.0.0.1,ICMP,phishing,5551,94,69,0
192.168.1.568,172.16.0.1,ICMP,normal,5358,29,66,1
192.168.1.569,10.0.0.1,ICMP,normal,8648,19,95,1
192.168.1.570,172.16.0.1,ICMP,phishing,7286,11,61,0
192.168.1.571,10.0.0.1,TCP,phishing,6202,98,62,0
192.168.1.572,172.16.0.1,TCP,normal,9161,50,95,0
192.168.1.573,10.0.0.1,UDP,normal,9177,71,52,1
192.168.1.574,10.0.0.2,TCP,normal,9575,58,92,1
192.168.1.575,10.0.0.1,TCP,normal,719,34,81,0
192.168.1.576,10.0.0.1,UDP,normal,982,20,81,0
192.168.1.577,10.0.0.2,TCP,phishing,9088,50,51,1
192.168.1.578,10.0.0.1,TCP,phishing,3742,88,99,1
192.168.1.579,10.0.0.2,UDP,phishing,1396,10,35,1
192.168.1.580,10.0.0.1,UDP,normal,8536,32,32,0
192.168.1.581,172.16.0.1,UDP,phishing,2995,52,52,1
192.168.1.582,172.16.0.1,ICMP,phishing,6693,15,86,0
192.168.1.583,10.0.0.1,ICMP,normal,1029,84,37,1
192.168.1.584,10.0.0.1,UDP,phishing,5466,3,18,1
192.168.1.585,10.0.0.1,UDP,phishing,8811,37,29,0
192.168.1.586,172.16.0.1,UDP,normal,3312,40,65,0
192.168.1.587,10.0.0.1,ICMP,normal,2509,72,92,0
192.168.1.588,172.16.0.1,ICMP,normal,8299,40,48,1
192.168.1.589,10.0.0.2,TCP,normal,3523,56,60,1
192.168.1.590,172.16.0.1,TCP,normal,7076,23,21,1
192.168.1.591,172.16.0.1,UDP,phishing,7694,11,88,0
192.168.1.592,10.0.0.2,ICMP,normal,5258,64,64,1
192.168.1.593,172.16.0.1,ICMP,normal,3767,8,87,0
192.168.1.594,10.0.0.1,ICMP,normal,6073,93,20,0
192.168.1.595,10.0.0.1,UDP,normal,6336,94,35,0
192.168.1.596,172.16.0.1,TCP,normal,8377,56,51,1
192.168.1.597,10.0.0.1,UDP,normal,2568,60,36,1
192.168.1.598,172.16.0.1,TCP,normal,6317,10,20,0
192.168.1.599,10.0.0.1,TCP,normal,3719,39,47,1
192.168.1.600,10.0.0.1,UDP,normal,1736,28,52,0
192.168.1.601,172.16.0.1,TCP,normal,8255,49,28,0
192.168.1.602,10.0.0.1,TCP,phishing,3683,36,73,1
192.168.1.603,172.16.0.1,ICMP,normal,4109,13,15,0
192.168.1.604,10.0.0.1,TCP,phishing,3426,96,55,0
192.168.1.605,10.0.0.1,UDP,normal,8248,36,51,1
192.168.1.606,10.0.0.2,UDP,normal,2317,26,74,0
192.168.1.607,10.0.0.2,TCP,phishing,5067,86,81,0
192.168.1.608,172.16.0.1,ICMP,normal,2469,4,68,0
192.168.1.609,10.0.0.2,ICMP,normal,3738,95,61,0
192.168.1.610,172.16.0.1,TCP,normal,9235,82,56,0
192.168.1.611,10.0.0.2,TCP,normal,5822,64,16,0
192.168.1.612,10.0.0.1,UDP,normal,4544,38,20,0
192.168.1.613,172.16.0.1,TCP,normal,7718,88,70,1
192.168.1.614,172.16.0.1,ICMP,normal,4047,87,77,1
192.168.1.615,10.0.0.1,TCP,normal,1776,22,34,0
192.168.1.616,172.16.0.1,UDP,normal,1296,2,21,0
192.168.1.617,172.16.0.1,UDP,phishing,2887,31,35,1
192.168.1.618,10.0.0.2,UDP,attack,7532,11,21,1
192.168.1.619,172.16.0.1,UDP,normal,9753,92,52,1
192.168.1.620,10.0.0.1,UDP,phishing,8027,46,60,1
192.168.1.621,10.0.0.2,TCP,normal,3418,96,46,1
192.168.1.622,10.0.0.2,TCP,normal,8958,62,55,0
192.168.1.623,10.0.0.1,TCP,normal,6789,69,62,1
192.168.1.624,10.0.0.1,TCP,phishing,2276,64,97,1
192.168.1.625,10.0.0.2,UDP,normal,3843,10,89,1
192.168.1.626,172.16.0.1,ICMP,normal,8892,40,22,0
192.168.1.627,10.0.0.2,TCP,normal,4522,24,98,0
192.168.1.628,10.0.0.1,ICMP,phishing,3924,99,63,0
192.168.1.629,10.0.0.2,TCP,phishing,9271,44,66,0
192.168.1.630,10.0.0.1,TCP,phishing,2551,60,13,0
192.168.1.631,10.0.0.2,ICMP,normal,728,62,84,0
192.168.1.632,172.16.0.1,UDP,normal,9921,87,58,1
192.168.1.633,10.0.0.2,TCP,normal,7878,17,16,0
192.168.1.634,10.0.0.2,TCP,normal,3796,65,20,0
192.168.1.635,10.0.0.1,TCP,normal,3774,95,63,1
192.168.1.636,10.0.0.1,ICMP,normal,4029,95,96,0
192.168.1.637,10.0.0.1,UDP,attack,2865,57,54,1
192.168.1.638,10.0.0.2,ICMP,phishing,4469,55,32,1
192.168.1.639,172.16.0.1,ICMP,phishing,8407,53,37,0
192.168.1.640,10.0.0.1,UDP,attack,5056,56,66,1
192.168.1.641,10.0.0.1,ICMP,normal,792,98,35,1
192.168.1.642,10.0.0.2,UDP,normal,3262,9,34,1
192.168.1.643,10.0.0.1,TCP,attack,1205,22,63,1
192.168.1.644,172.16.0.1,UDP,normal,3108,13,38,0
192.168.1.645,172.16.0.1,TCP,phishing,2261,89,92,1
192.168.1.646,10.0.0.1,ICMP,normal,8445,48,45,0
192.168.1.647,10.0.0.1,ICMP,normal,3799,18,23,1
192.168.1.648,10.0.0.2,TCP,normal,3886,76,87,1
192.168.1.649,172.16.0.1,ICMP,attack,9356,40,44,1
192.168.1.650,172.16.0.1,UDP,phishing,4300,17,39,0
192.168.1.651,10.0.0.1,TCP,normal,2013,15,26,0
192.168.1.652,10.0.0.2,ICMP,phishing,9508,15,76,0
192.168.1.653,172.16.0.1,TCP,normal,5620,79,89,1
192.168.1.654,172.16.0.1,UDP,normal,1872,63,39,1
192.168.1.655,10.0.0.2,UDP,normal,2880,39,54,1
192.168.1.656,10.0.0.2,ICMP,normal,7523,13,88,1
192.168.1.657,172.16.0.1,UDP,normal,2971,81,98,0
192.168.1.658,172.16.0.1,TCP,attack,760,32,60,1
192.168.1.659,10.0.0.2,UDP,phishing,6342,9,56,0
192.168.1.660,172.16.0.1,TCP,normal,1232,40,62,1
192.168.1.661,10.0.0.1,TCP,normal,799,20,73,0
192.168.1.662,10.0.0.1,UDP,attack,7570,90,47,0
192.168.1.663,10.0.0.2,ICMP,attack,6397,91,73,1
192.168.1.664,10.0.0.2,UDP,phishing,7912,85,96,1
192.168.1.665,10.0.0.2,TCP,normal,4657,82,98,0
192.168.1.666,10.0.0.1,TCP,normal,2279,77,16,1
192.168.1.667,172.16.0.1,UDP,normal,9165,80,31,1
192.168.1.668,10.0.0.1,ICMP,normal,8375,73,90,0
192.168.1.669,172.16.0.1,ICMP,normal,1522,63,91,0
192.168.1.670,10.0.0.1,TCP,attack,3280,76,50,0
192.168.1.671,172.16.0.1,TCP,normal,4416,44,83,0
192.168.1.672,10.0.0.1,ICMP,normal,6796,38,19,1
192.168.1.673,10.0.0.2,UDP,normal,9683,83,66,0
192.168.1.674,10.0.0.1,TCP,normal,714,60,16,0
192.168.1.675,172.16.0.1,TCP,normal,4670,71,59,0
192.168.1.676,10.0.0.1,ICMP,normal,370,99,61,1
192.168.1.677,10.0.0.1,UDP,normal,2568,48,42,0
192.168.1.678,10.0.0.1,ICMP,phishing,9682,18,10,1
192.168.1.679,10.0.0.2,UDP,attack,3707,16,62,0
192.168.1.680,10.0.0.1,UDP,normal,3175,55,69,0
192.168.1.681,10.0.0.2,UDP,normal,389,39,43,1
192.168.1.682,10.0.0.2,TCP,phishing,8220,68,13,0
192.168.1.683,10.0.0.1,ICMP,normal,6714,59,26,0
192.168.1.684,10.0.0.1,ICMP,normal,3352,89,13,1
192.168.1.685,10.0.0.1,UDP,phishing,7515,96,52,0
192.168.1.686,172.16.0.1,TCP,normal,6871,62,99,0
192.168.1.687,10.0.0.1,TCP,normal,378,13,13,0
192.168.1.688,10.0.0.2,ICMP,normal,680,81,10,0
192.168.1.689,10.0.0.1,TCP,normal,5058,6,80,1
192.168.1.690,172.16.0.1,TCP,normal,8545,83,59,0
192.168.1.691,10.0.0.1,UDP,phishing,4376,77,82,1
192.168.1.692,172.16.0.1,TCP,normal,8097,60,70,0
192.168.1.693,172.16.0.1,UDP,normal,4876,90,44,1
192.168.1.694,10.0.0.1,ICMP,phishing,924,14,17,0
192.168.1.695,10.0.0.2,TCP,normal,3932,95,33,1
192.168.1.696,172.16.0.1,ICMP,normal,8991,54,92,0
192.168.1.697,10.0.0.1,ICMP,phishing,5545,4,45,1
192.168.1.698,10.0.0.1,TCP,normal,1480,39,59,1
192.168.1.699,10.0.0.2,TCP,phishing,9965,72,52,0
192.168.1.700,172.16.0.1,ICMP,phishing,6634,25,36,1
192.168.1.701,172.16.0.1,TCP,normal,3256,77,41,0
192.168.1.702,10.0.0.1,UDP,normal,4407,32,87,0
192.168.1.703,10.0.0.1,UDP,attack,5734,59,27,0
192.168.1.704,10.0.0.2,TCP,normal,8675,63,37,0
192.168.1.705,10.0.0.2,ICMP,phishing,5910,38,38,0
192.168.1.706,172.16.0.1,TCP,normal,8633,92,25,1
192.168.1.707,172.16.0.1,TCP,normal,6034,53,56,0
192.168.1.708,10.0.0.1,ICMP,normal,3209,94,68,0
192.168.1.709,172.16.0.1,ICMP,attack,4182,67,40,0
192.168.1.710,10.0.0.2,UDP,attack,3340,28,13,0
192.168.1.711,10.0.0.2,ICMP,normal,6128,3,46,0
192.168.1.712,10.0.0.1,UDP,normal,1949,98,26,0
192.168.1.713,10.0.0.2,ICMP,phishing,8597,80,48,1
192.168.1.714,10.0.0.2,TCP,normal,2849,22,57,1
192.168.1.715,10.0.0.2,UDP,normal,6780,96,55,0
192.168.1.716,10.0.0.2,UDP,normal,9427,38,99,1
192.168.1.717,10.0.0.1,UDP,normal,305,72,57,0
192.168.1.718,10.0.0.1,TCP,attack,7452,72,48,0
192.168.1.719,172.16.0.1,TCP,normal,4691,62,13,0
192.168.1.720,10.0.0.2,TCP,normal,3550,57,39,0
192.168.1.721,172.16.0.1,TCP,normal,7314,6,39,0
192.168.1.722,10.0.0.1,TCP,phishing,3911,78,31,1
192.168.1.723,10.0.0.1,UDP,normal,5241,32,84,1
192.168.1.724,10.0.0.1,TCP,normal,8601,99,75,1
192.168.1.725,10.0.0.1,UDP,normal,2808,10,21,1
192.168.1.726,10.0.0.1,TCP,phishing,2091,3,45,0
192.168.1.727,10.0.0.1,ICMP,normal,8563,59,27,1
192.168.1.728,10.0.0.1,UDP,normal,3373,76,99,0
192.168.1.729,10.0.0.2,ICMP,normal,4638,49,62,1
192.168.1.730,172.16.0.1,UDP,normal,8812,59,80,1
192.168.1.731,10.0.0.1,ICMP,normal,9268,31,10,1
192.168.1.732,10.0.0.2,TCP,phishing,3822,93,67,1
192.168.1.733,10.0.0.2,TCP,normal,3651,69,99,0
192.168.1.734,172.16.0.1,TCP,phishing,2932,62,96,1
192.168.1.735,10.0.0.1,UDP,normal,5779,52,99,1
192.168.1.736,172.16.0.1,ICMP,phishing,6679,89,15,0
192.168.1.737,10.0.0.1,TCP,normal,252,41,79,0
192.168.1.738,10.0.0.2,ICMP,normal,5854,31,53,1
192.168.1.739,10.0.0.2,ICMP,attack,2900,85,81,0
192.168.1.740,10.0.0.2,TCP,phishing,5410,84,33,0
192.168.1.741,10.0.0.2,TCP,normal,2710,22,95,0
192.168.1.742,172.16.0.1,ICMP,normal,1204,4,28,1
192.168.1.743,10.0.0.1,TCP,phishing,7461,13,27,0
192.168.1.744,10.0.0.1,TCP,normal,4299,45,39,1
192.168.1.745,172.16.0.1,TCP,phishing,3954,42,51,1
192.168.1.746,10.0.0.1,UDP,phishing,7363,49,42,1
192.168.1.747,10.0.0.2,ICMP,normal,2014,20,83,1
192.168.1.748,10.0.0.1,ICMP,normal,7465,77,21,0
192.168.1.749,10.0.0.2,UDP,normal,3172,81,36,1
192.168.1.750,172.16.0.1,ICMP,normal,9298,54,48,0
192.168.1.751,10.0.0.1,TCP,normal,506,36,18,1
192.168.1.752,172.16.0.1,ICMP,attack,266,97,30,0
192.168.1.753,10.0.0.1,TCP,normal,608,1,85,1
192.168.1.754,10.0.0.2,UDP,phishing,1761,15,38,0
192.168.1.755,172.16.0.1,TCP,normal,3764,77,42,1
192.168.1.756,10.0.0.1,ICMP,normal,3589,17,71,1
192.168.1.757,10.0.0.2,ICMP,normal,780,24,24,0
192.168.1.758,172.16.0.1,ICMP,normal,2624,58,11,1
192.168.1.759,172.16.0.1,UDP,normal,2220,72,61,1
192.168.1.760,10.0.0.1,UDP,normal,5360,91,53,1
192.168.1.761,10.0.0.1,ICMP,phishing,4457,23,63,0
192.168.1.762,10.0.0.1,TCP,normal,1463,46,27,1
192.168.1.763,10.0.0.2,UDP,normal,9623,72,12,1
192.168.1.764,10.0.0.1,ICMP,normal,2392,8,16,0
192.168.1.765,172.16.0.1,ICMP,normal,1638,59,52,0
192.168.1.766,172.16.0.1,UDP,normal,3508,90,91,0
192.168.1.767,10.0.0.1,UDP,normal,7842,59,47,0
192.168.1.768,10.0.0.1,UDP,normal,8852,13,46,0
192.168.1.769,172.16.0.1,TCP,normal,9391,39,67,1
192.168.1.770,10.0.0.2,TCP,normal,2003,28,42,1
192.168.1.771,10.0.0.1,ICMP,phishing,274,89,68,1
192.168.1.772,10.0.0.1,UDP,normal,2330,61,20,0
192.168.1.773,172.16.0.1,TCP,normal,4387,16,77,1
192.168.1.774,10.0.0.1,UDP,normal,4260,2,91,0
192.168.1.775,10.0.0.2,ICMP,normal,7206,82,77,0
192.168.1.776,172.16.0.1,TCP,phishing,9789,17,97,1
192.168.1.777,10.0.0.1,TCP,normal,3271,30,31,0
192.168.1.778,172.16.0.1,TCP,normal,1667,13,75,0
192.168.1.779,10.0.0.1,ICMP,normal,1251,96,53,1
192.168.1.780,10.0.0.1,UDP,normal,7719,93,15,0
192.168.1.781,10.0.0.1,TCP,normal,6133,94,51,0
192.168.1.782,10.0.0.2,ICMP,normal,8660,82,34,1
192.168.1.783,10.0.0.2,UDP,phishing,5046,13,66,0
192.168.1.784,172.16.0.1,ICMP,normal,8334,43,94,0
192.168.1.785,10.0.0.1,UDP,normal,2007,85,64,1
192.168.1.786,10.0.0.1,ICMP,normal,3590,94,25,1
192.168.1.787,10.0.0.2,UDP,normal,2635,21,23,1
192.168.1.788,10.0.0.1,TCP,normal,4273,55,48,1
192.168.1.789,10.0.0.2,UDP,phishing,1393,81,37,0
192.168.1.790,10.0.0.1,ICMP,phishing,4869,40,60,0
192.168.1.791,172.16.0.1,ICMP,normal,4896,83,58,1
192.168.1.792,10.0.0.1,UDP,phishing,6971,15,18,0
192.168.1.793,10.0.0.1,TCP,attack,3072,73,67,0
192.168.1.794,10.0.0.2,TCP,phishing,4022,52,54,1
192.168.1.795,10.0.0.1,UDP,normal,5097,74,31,1
192.168.1.796,10.0.0.1,UDP,phishing,7132,95,41,0
192.168.1.797,10.0.0.2,ICMP,normal,1092,53,78,1
192.168.1.798,172.16.0.1,TCP,attack,8212,87,96,1
192.168.1.799,172.16.0.1,UDP,normal,5387,52,78,1
192.168.1.800,10.0.0.2,TCP,normal,2340,30,51,0
192.168.1.801,10.0.0.2,UDP,phishing,1576,33,62,1
192.168.1.802,10.0.0.2,UDP,normal,6526,57,68,0
192.168.1.803,10.0.0.2,TCP,attack,489,52,83,0
192.168.1.804,10.0.0.2,UDP,attack,1099,9,48,0
192.168.1.805,172.16.0.1,UDP,normal,1955,54,24,1
192.168.1.806,172.16.0.1,ICMP,normal,8225,1,80,1
192.168.1.807,10.0.0.2,UDP,normal,8950,44,38,1
192.168.1.808,10.0.0.1,UDP,normal,2863,99,12,1
192.168.1.809,10.0.0.2,UDP,normal,3763,75,92,1
192.168.1.810,10.0.0.1,ICMP,phishing,5086,98,19,0
192.168.1.811,10.0.0.2,TCP,normal,1581,80,38,0
192.168.1.812,10.0.0.2,ICMP,normal,7356,9,88,0
192.168.1.813,172.16.0.1,ICMP,attack,3831,32,44,1
192.168.1.814,10.0.0.1,TCP,normal,7362,15,15,0
192.168.1.815,10.0.0.1,ICMP,normal,551,12,21,0
192.168.1.816,172.16.0.1,TCP,attack,9829,97,47,1
192.168.1.817,172.16.0.1,ICMP,normal,3193,78,86,1
192.168.1.818,172.16.0.1,TCP,phishing,982,57,28,0
192.168.1.819,172.16.0.1,UDP,attack,4508,8,76,0
192.168.1.820,10.0.0.1,ICMP,attack,4168,72,17,1
192.168.1.821,10.0.0.1,ICMP,normal,3377,27,17,1
192.168.1.822,10.0.0.2,ICMP,normal,8666,62,93,1
192.168.1.823,10.0.0.2,ICMP,normal,8051,12,56,1
192.168.1.824,172.16.0.1,UDP,phishing,4790,65,13,0
192.168.1.825,172.16.0.1,ICMP,phishing,4695,42,60,0
192.168.1.826,172.16.0.1,UDP,normal,4659,62,94,1
192.168.1.827,10.0.0.2,UDP,normal,7391,11,76,0
192.168.1.828,10.0.0.2,UDP,normal,8260,43,54,0
192.168.1.829,10.0.0.2,UDP,normal,212,95,17,1
192.168.1.830,10.0.0.2,TCP,phishing,5231,17,96,0
192.168.1.831,10.0.0.2,TCP,normal,3297,97,25,0
192.168.1.832,10.0.0.2,ICMP,attack,239,32,86,0
192.168.1.833,10.0.0.2,TCP,phishing,1524,93,76,1
192.168.1.834,172.16.0.1,TCP,normal,3049,85,18,1
192.168.1.835,172.16.0.1,ICMP,normal,3268,85,69,0
192.168.1.836,172.16.0.1,ICMP,normal,8808,40,87,1
192.168.1.837,172.16.0.1,ICMP,normal,6143,23,86,1
192.168.1.838,10.0.0.2,TCP,phishing,7089,56,80,1
192.168.1.839,10.0.0.1,TCP,phishing,7336,6,24,0
192.168.1.840,10.0.0.2,ICMP,phishing,6361,86,80,0
192.168.1.841,10.0.0.1,UDP,normal,987,50,50,1
192.168.1.842,172.16.0.1,ICMP,normal,3204,37,31,0
192.168.1.843,10.0.0.2,UDP,phishing,149,64,33,0
192.168.1.844,172.16.0.1,UDP,normal,4051,54,53,0
192.168.1.845,10.0.0.2,ICMP,normal,3660,72,10,0
192.168.1.846,172.16.0.1,ICMP,normal,118,49,19,0
192.168.1.847,10.0.0.1,ICMP,normal,4921,99,89,1
192.168.1.848,10.0.0.1,TCP,normal,6440,11,81,0
192.168.1.849,10.0.0.1,UDP,normal,8158,88,65,0
192.168.1.850,10.0.0.2,TCP,attack,9765,49,98,0
192.168.1.851,10.0.0.1,TCP,normal,2706,21,59,1
192.168.1.852,10.0.0.2,ICMP,normal,7946,66,21,1
192.168.1.853,10.0.0.1,TCP,normal,8743,63,98,1
192.168.1.854,10.0.0.1,ICMP,phishing,6532,83,90,0
192.168.1.855,10.0.0.2,UDP,normal,3865,28,69,1
192.168.1.856,10.0.0.2,ICMP,normal,2538,17,35,1
192.168.1.857,10.0.0.1,TCP,normal,9841,6,87,1
192.168.1.858,10.0.0.2,TCP,phishing,6458,19,50,1
192.168.1.859,10.0.0.1,ICMP,normal,8419,56,45,0
192.168.1.860,10.0.0.2,ICMP,phishing,6041,28,32,1
192.168.1.861,172.16.0.1,TCP,attack,7744,66,52,1
192.168.1.862,172.16.0.1,UDP,normal,4955,38,15,0
192.168.1.863,172.16.0.1,UDP,phishing,6647,37,78,0
192.168.1.864,172.16.0.1,ICMP,normal,7296,68,52,1
192.168.1.865,172.16.0.1,UDP,phishing,6011,86,34,0
192.168.1.866,10.0.0.1,TCP,normal,6581,90,27,1
192.168.1.867,172.16.0.1,ICMP,phishing,2861,49,71,0
192.168.1.868,172.16.0.1,TCP,normal,4556,43,22,0
192.168.1.869,172.16.0.1,TCP,normal,9707,36,52,1
192.168.1.870,172.16.0.1,UDP,normal,6461,58,87,0
192.168.1.871,10.0.0.2,ICMP,normal,5793,13,37,1
192.168.1.872,10.0.0.1,ICMP,normal,5888,52,27,0
192.168.1.873,172.16.0.1,UDP,normal,301,58,68,1
192.168.1.874,172.16.0.1,TCP,normal,6260,32,69,0
192.168.1.875,172.16.0.1,TCP,normal,617,81,72,0
192.168.1.876,10.0.0.1,TCP,phishing,7837,60,66,0
192.168.1.877,10.0.0.2,TCP,normal,9633,83,60,0
192.168.1.878,10.0.0.1,ICMP,normal,2088,58,65,0
192.168.1.879,10.0.0.2,ICMP,normal,3902,99,36,1
192.168.1.880,172.16.0.1,UDP,normal,5908,56,41,0
192.168.1.881,172.16.0.1,UDP,attack,7262,28,18,1
192.168.1.882,10.0.0.1,ICMP,normal,6341,1,93,1
192.168.1.883,10.0.0.1,ICMP,phishing,8499,42,77,1
192.168.1.884,10.0.0.2,TCP,attack,5733,82,55,0
192.168.1.885,10.0.0.2,TCP,phishing,5855,48,76,1
192.168.1.886,10.0.0.1,UDP,normal,6409,40,35,0
192.168.1.887,10.0.0.2,ICMP,phishing,4217,97,17,1
192.168.1.888,10.0.0.1,UDP,attack,8445,63,15,1
192.168.1.889,10.0.0.2,ICMP,normal,1618,76,89,1
192.168.1.890,10.0.0.1,TCP,normal,6263,72,33,1
192.168.1.891,10.0.0.1,UDP,normal,2700,88,57,1
192.168.1.892,10.0.0.1,UDP,normal,2295,80,54,0
192.168.1.893,10.0.0.2,ICMP,normal,3654,4,22,1
192.168.1.894,10.0.0.2,TCP,normal,2949,38,78,1
192.168.1.895,10.0.0.2,UDP,normal,1842,27,34,0
192.168.1.896,10.0.0.1,TCP,normal,1406,9,29,0
192.168.1.897,10.0.0.2,UDP,normal,3949,16,91,0
192.168.1.898,10.0.0.2,TCP,normal,7619,56,91,1
192.168.1.899,10.0.0.1,ICMP,normal,4295,76,75,1
192.168.1.900,172.16.0.1,UDP,normal,5278,31,83,1
192.168.1.901,10.0.0.1,UDP,normal,2655,88,54,1
192.168.1.902,10.0.0.2,TCP,phishing,2405,14,56,1
192.168.1.903,10.0.0.1,TCP,normal,7719,25,72,1
192.168.1.904,172.16.0.1,UDP,normal,9380,34,85,0
192.168.1.905,10.0.0.1,ICMP,phishing,2742,67,86,0
192.168.1.906,10.0.0.2,TCP,normal,9469,24,64,1
192.168.1.907,172.16.0.1,TCP,normal,6509,73,84,1
192.168.1.908,10.0.0.2,TCP,phishing,4857,26,28,1
192.168.1.909,172.16.0.1,UDP,phishing,3094,20,44,1
192.168.1.910,172.16.0.1,UDP,normal,8851,64,62,1
192.168.1.911,10.0.0.1,UDP,normal,1371,10,35,0
192.168.1.912,10.0.0.1,UDP,attack,1913,83,23,0
192.168.1.913,10.0.0.2,ICMP,normal,8901,67,54,1
192.168.1.914,10.0.0.1,ICMP,normal,2561,24,53,0
192.168.1.915,10.0.0.1,UDP,phishing,4220,5,97,1
192.168.1.916,172.16.0.1,ICMP,normal,6224,67,74,1
192.168.1.917,10.0.0.1,TCP,normal,8575,58,60,1
192.168.1.918,172.16.0.1,TCP,normal,4496,27,52,0
192.168.1.919,172.16.0.1,TCP,phishing,9383,80,95,0
192.168.1.920,172.16.0.1,UDP,normal,916,15,32,1
192.168.1.921,10.0.0.2,TCP,normal,7404,35,65,0
192.168.1.922,10.0.0.2,ICMP,normal,7431,76,28,0
192.168.1.923,10.0.0.2,UDP,normal,182,53,91,1
192.168.1.924,172.16.0.1,ICMP,normal,2020,44,85,0
192.168.1.925,10.0.0.2,TCP,phishing,7917,26,64,0
192.168.1.926,10.0.0.2,TCP,normal,2193,47,69,1
192.168.1.927,10.0.0.1,TCP,normal,7171,34,68,1
192.168.1.928,10.0.0.2,UDP,phishing,8067,87,42,0
192.168.1.929,10.0.0.2,ICMP,normal,8467,95,28,1
192.168.1.930,172.16.0.1,UDP,attack,5385,50,37,0
192.168.1.931,172.16.0.1,UDP,normal,5037,84,61,1
192.168.1.932,172.16.0.1,TCP,normal,469,12,58,1
192.168.1.933,172.16.0.1,UDP,normal,1918,87,46,1
192.168.1.934,172.16.0.1,UDP,attack,2201,4,35,1
192.168.1.935,172.16.0.1,TCP,normal,3590,87,49,0
192.168.1.936,10.0.0.2,UDP,normal,1879,48,89,1
192.168.1.937,172.16.0.1,TCP,normal,7774,55,47,1
192.168.1.938,172.16.0.1,TCP,normal,1464,1,86,1
192.168.1.939,10.0.0.1,TCP,normal,7394,89,96,0
192.168.1.940,10.0.0.2,TCP,attack,3776,66,63,0
192.168.1.941,10.0.0.2,UDP,normal,2526,30,31,1
192.168.1.942,10.0.0.2,TCP,phishing,8364,3,25,1
192.168.1.943,172.16.0.1,TCP,normal,8189,21,37,1
192.168.1.944,172.16.0.1,UDP,normal,3062,89,44,1
192.168.1.945,172.16.0.1,UDP,normal,959,84,69,1
192.168.1.946,10.0.0.1,ICMP,normal,4238,49,54,1
192.168.1.947,172.16.0.1,UDP,phishing,2524,86,55,0
192.168.1.948,10.0.0.1,UDP,attack,9356,85,81,1
192.168.1.949,10.0.0.2,ICMP,normal,4117,62,64,1
192.168.1.950,172.16.0.1,UDP,normal,8660,97,95,1
192.168.1.951,10.0.0.1,UDP,normal,8442,38,94,1
192.168.1.952,10.0.0.1,UDP,attack,1234,15,35,1
192.168.1.953,172.16.0.1,UDP,normal,5266,52,94,1
192.168.1.954,10.0.0.2,ICMP,normal,5219,79,34,0
192.168.1.955,10.0.0.2,UDP,phishing,5794,46,74,0
192.168.1.956,10.0.0.2,UDP,normal,6236,25,15,0
192.168.1.957,10.0.0.1,ICMP,normal,5585,21,32,0
192.168.1.958,10.0.0.1,TCP,normal,4264,88,73,0
192.168.1.959,10.0.0.1,ICMP,attack,2446,5,96,0
192.168.1.960,10.0.0.1,TCP,normal,5139,70,52,1
192.168.1.961,10.0.0.2,ICMP,normal,4997,47,32,1
192.168.1.962,172.16.0.1,ICMP,normal,8352,87,39,1
192.168.1.963,10.0.0.1,UDP,normal,5141,68,86,1
192.168.1.964,10.0.0.1,TCP,normal,4001,91,27,1
192.168.1.965,10.0.0.2,UDP,normal,1437,18,96,1
192.168.1.966,172.16.0.1,TCP,normal,1284,21,88,0
192.168.1.967,172.16.0.1,ICMP,normal,4526,92,30,1
192.168.1.968,10.0.0.2,ICMP,normal,1651,99,66,0
192.168.1.969,10.0.0.2,TCP,normal,1729,86,32,0
192.168.1.970,172.16.0.1,UDP,phishing,9619,23,54,1
192.168.1.971,10.0.0.1,UDP,normal,1626,64,53,1
192.168.1.972,172.16.0.1,UDP,phishing,9965,67,91,1
192.168.1.973,10.0.0.2,UDP,phishing,1461,40,97,1
192.168.1.974,10.0.0.1,ICMP,normal,9865,10,56,1
192.168.1.975,10.0.0.1,ICMP,normal,4470,89,49,1
192.168.1.976,10.0.0.2,ICMP,normal,5383,52,60,1
192.168.1.977,10.0.0.2,ICMP,normal,7710,72,51,0
192.168.1.978,10.0.0.2,ICMP,normal,2093,75,16,1
192.168.1.979,172.16.0.1,UDP,normal,969,61,59,1
192.168.1.980,172.16.0.1,UDP,normal,1114,64,57,0
192.168.1.981,10.0.0.1,UDP,phishing,702,5,93,1
192.168.1.982,10.0.0.2,UDP,normal,790,53,15,1
192.168.1.983,10.0.0.1,ICMP,phishing,8785,55,18,0
192.168.1.984,10.0.0.1,ICMP,normal,589,37,66,1
192.168.1.985,10.0.0.1,ICMP,phishing,6964,56,40,1
192.168.1.986,10.0.0.1,TCP,normal,7340,59,30,1
192.168.1.987,10.0.0.2,UDP,normal,7886,93,99,1
192.168.1.988,10.0.0.1,UDP,normal,8124,69,49,1
192.168.1.989,10.0.0.2,ICMP,normal,394,73,54,1
192.168.1.990,10.0.0.2,UDP,normal,5588,59,86,0
192.168.1.991,172.16.0.1,UDP,attack,4127,2,58,1
192.168.1.992,10.0.0.2,ICMP,normal,3012,65,96,1
192.168.1.993,172.16.0.1,TCP,normal,4844,60,29,0
192.168.1.994,10.0.0.2,TCP,phishing,1973,51,26,0
192.168.1.995,10.0.0.2,TCP,phishing,3358,30,37,1
192.168.1.996,10.0.0.2,ICMP,normal,2917,11,50,0
192.168.1.997,172.16.0.1,UDP,normal,8736,92,75,1
192.168.1.998,172.16.0.1,ICMP,normal,3741,76,34,1
192.168.1.999,10.0.0.1,ICMP,normal,4558,39,67,0
